Compound,m/z,Intensity Threshold,RT Time (min),Window (min)
AHEGEIEDLALGPDGK,552.943879,10000,6.77,2.48
ATQGASSDLHYWVGK,542.605309,10000,6.45,1.48
DYGVYLEDSGHTLR,544.264952,10000,7.32,2.34
ESGTDDFNVWIGLHDPK,645.977471,10000,11.66,2.5
GSHFFPGNNVIYEK,538.9384,10000,7.66,2.5
IENPNSLQDQSHALLK,604.989711,10000,6.62,1.46
IFAPNHVVAK,367.88854,10000,4.16,1.66
IQSSHNFQLESVNK,546.284347,10000,4.85,2.44
LLSLDPSHER,391.550365,10000,5.22,1.3
LPYTDAVLHEAQR,506.9384,10000,7.25,2.06
VGSSGDIALHINPR,481.266628,10000,6.23,1.26
NPVWYQALTHGLNEEQR,687.679648,10000,11.68,2.5
ELESQISELQEDLESER,707.317321,5000,12.24,2.5
